{
  "viewport": {
    "x": 24.74458465953691,
    "y": 98.59370318502721,
    "zoom": 0.7729003569744662
  },
  "nodes": {
    "encode-string#1": {
      "rfNode": {
        "position": {
          "x": 0,
          "y": 0
        }
      }
    },
    "decode-string#1": {
      "rfNode": {
        "position": {
          "x": 569,
          "y": -13
        }
      }
    }
  }
}