{
  "nodes": {
    "encode-string#1": {
      "rfNode": {
        "position": {
          "x": 17.30855667988078,
          "y": 0
        }
      }
    },
    "decode-string#1": {
      "rfNode": {
        "position": {
          "x": 510.1305095277812,
          "y": 0
        }
      }
    },
    "stringify-json#1": {
      "contentWidth": 450,
      "rfNode": {
        "position": {
          "x": 4.251094229595822,
          "y": 287.63640252013175
        }
      }
    },
    "parse-json#1": {
      "contentWidth": 450,
      "rfNode": {
        "position": {
          "x": 510.1305095277812,
          "y": 287.63640252013175
        }
      }
    }
  }
}