{
  "nodes": {
    "string_encoder#1": {
      "rfNode": {
        "position": {
          "x": 693.6380929923837,
          "y": 47.35944932677227
        }
      }
    },
    "encode-string#1": {
      "contentWidth": 420,
      "rfNode": {
        "position": {
          "x": 131.65081925028477,
          "y": 47.35944932677227
        }
      }
    }
  }
}